{
   "code\\__init__.py": 1512311704.3734593,
   "code\\sorting.py": 1514524286.8620005
}